"order","category","title","url","chapter_count","file","status","error"
"1","儒家典籍解读","论语别裁","https://www.quanxue.cn/ct_nanhuaijin/lunyuindex.html","373","001-论语别裁.md","ok",""
"2","儒家典籍解读","话说中庸","https://www.quanxue.cn/ct_nanhuaijin/zhongyongindex.html","28","002-话说中庸.md","ok",""
"3","儒家典籍解读","原本大学微言","https://www.quanxue.cn/ct_nanhuaijin/daxueindex.html","65","003-原本大学微言.md","ok",""
"4","儒家典籍解读","孟子与滕文公、告子","https://www.quanxue.cn/ct_nanhuaijin/gaoziindex.html","62","004-孟子与滕文公、告子.md","ok",""
"5","儒家典籍解读","孟子与尽心篇","https://www.quanxue.cn/ct_nanhuaijin/jinxinindex.html","50","005-孟子与尽心篇.md","ok",""
"6","儒家典籍解读","孟子与离娄","https://www.quanxue.cn/ct_nanhuaijin/lilouindex.html","104","006-孟子与离娄.md","ok",""
"7","儒家典籍解读","孟子旁通","https://www.quanxue.cn/ct_nanhuaijin/mengziindex.html","116","007-孟子旁通.md","ok",""
"8","儒家典籍解读","孟子与公孙丑","https://www.quanxue.cn/ct_nanhuaijin/gongsunindex.html","61","008-孟子与公孙丑.md","ok",""
"9","儒家典籍解读","孟子与万章","https://www.quanxue.cn/ct_nanhuaijin/wanzhangindex.html","39","009-孟子与万章.md","ok",""
"10","儒家典籍解读","易经杂说","https://www.quanxue.cn/ct_nanhuaijin/yijingindex.html","164","010-易经杂说.md","ok",""
"11","儒家典籍解读","易经系传别讲","https://www.quanxue.cn/ct_nanhuaijin/xichiindex.html","233","011-易经系传别讲.md","ok",""
"12","儒家典籍解读","中国文化泛言","https://www.quanxue.cn/ct_nanhuaijin/fanyanindex.html","72","012-中国文化泛言.md","ok",""
"13","儒家典籍解读","历史的经验","https://www.quanxue.cn/ct_nanhuaijin/lishiindex.html","68","013-历史的经验.md","ok",""
"14","儒家典籍解读","亦新亦旧的一代","https://www.quanxue.cn/ct_nanhuaijin/xinjiuindex.html","19","014-亦新亦旧的一代.md","ok",""
"15","道家典籍解读","老子他说(上下)","https://www.quanxue.cn/ct_nanhuaijin/laoziindex.html","233","015-老子他说(上下).md","ok",""
"16","道家典籍解读","庄子諵譁(2017年)","https://www.quanxue.cn/ct_nanhuaijin/zhzinhindex.html","230","016-庄子諵譁(2017年).md","ok",""
"17","道家典籍解读","庄子讲记(内第一篇)","https://www.quanxue.cn/ct_nanhuaijin/zhuangziindex.html","20","017-庄子讲记(内第一篇).md","ok",""
"18","道家典籍解读","庄子讲记(全内七篇)","https://www.quanxue.cn/ct_nanhuaijin/zhuangzinhindex.html","119","018-庄子讲记(全内七篇).md","ok",""
"19","道家典籍解读","列子臆说","https://www.quanxue.cn/ct_nanhuaijin/lieziyiindex.html","82","019-列子臆说.md","ok",""
"20","道家典籍解读","我说参同契","https://www.quanxue.cn/ct_nanhuaijin/cantongindex.html","375","020-我说参同契.md","ok",""
"21","道家典籍解读","太极拳与道功","https://www.quanxue.cn/ct_nanhuaijin/taijiindex.html","5","021-太极拳与道功.md","ok",""
"22","道家典籍解读","静坐修道与长生不老","https://www.quanxue.cn/ct_nanhuaijin/jingzuoindex.html","53","022-静坐修道与长生不老.md","ok",""
"23","道家典籍解读","小言黄帝内经与生命科学","https://www.quanxue.cn/ct_nanhuaijin/neijingindex.html","108","023-小言黄帝内经与生命科学.md","ok",""
"24","道家典籍解读","庄子外篇","https://www.quanxue.cn/ct_nanhuaijin/zhuangwaiindex.html","28","024-庄子外篇.md","ok",""
"25","佛家典籍解读","《观无量寿经》大意","https://www.quanxue.cn/ct_nanhuaijin/wuliangindex.html","10","025-《观无量寿经》大意.md","ok",""
"26","佛家典籍解读","南师《心经》解读","https://www.quanxue.cn/ct_nanhuaijin/xinjingindex.html","1","026-南师《心经》解读.md","ok",""
"27","佛家典籍解读","《药师经》的济世观","https://www.quanxue.cn/ct_nanhuaijin/yaoshiindex.html","133","027-《药师经》的济世观.md","ok",""
"28","佛家典籍解读","《金刚经》说什么","https://www.quanxue.cn/ct_nanhuaijin/jingangindex.html","214","028-《金刚经》说什么.md","ok",""
"29","佛家典籍解读","《楞严》大义今释","https://www.quanxue.cn/ct_nanhuaijin/lengyanindex.html","57","029-《楞严》大义今释.md","ok",""
"30","佛家典籍解读","《圆觉经》略说","https://www.quanxue.cn/ct_nanhuaijin/yuanjueindex.html","65","030-《圆觉经》略说.md","ok",""
"31","佛家典籍解读","《楞伽》大义今释","https://www.quanxue.cn/ct_nanhuaijin/lengjiaindex.html","112","031-《楞伽》大义今释.md","ok",""
"32","佛家典籍解读","《维摩诘经》讲记","https://www.quanxue.cn/ct_nanhuaijin/weimojiindex.html","165","032-《维摩诘经》讲记.md","ok",""
"33","佛家典籍解读","《维摩》精舍丛书","https://www.quanxue.cn/ct_nanhuaijin/weimojsindex.html","39","033-《维摩》精舍丛书.md","ok",""
"34","佛家典籍解读","南《瑜伽师地论》","https://www.quanxue.cn/ct_nanhuaijin/yujiasdindex.html","40","034-南《瑜伽师地论》.md","ok",""
"35","佛家典籍解读","《宗镜录》略讲","https://www.quanxue.cn/ct_nanhuaijin/zongjingindex.html","92","035-《宗镜录》略讲.md","ok",""
"36","佛家典籍解读","《毗耶娑问经》讲记","https://www.quanxue.cn/ct_nanhuaijin/piyesindex.html","25","036-《毗耶娑问经》讲记.md","ok",""
"37","佛家典籍解读","《佛说入胎经》今释","https://www.quanxue.cn/ct_nanhuaijin/rutaijindex.html","25","037-《佛说入胎经》今释.md","ok",""
"38","佛家典籍解读","《戒律学原理》摭言","https://www.quanxue.cn/ct_nanhuaijin/nanhuaijin/nanhuaijin04.html","0","038-《戒律学原理》摭言.md","ok",""
"39","佛家典籍解读","《楞严经》讲习录","https://www.quanxue.cn/ct_nanhuaijin/lengyan_taihuindex.html","164","039-《楞严经》讲习录.md","ok",""
"40","佛家典籍解读","生命科学研究","https://www.quanxue.cn/ct_nanhuaijin/shengmingindex.html","215","040-生命科学研究.md","ok",""
"41","佛家典籍解读","南师讲《指月录》","https://www.quanxue.cn/ct_nanhuaijin/zhiyueindex.html","31","041-南师讲《指月录》.md","ok",""
"42","佛家典籍解读","《达摩多罗禅经》讲记","https://www.quanxue.cn/ct_nanhuaijin/damoduoindex.html","177","042-《达摩多罗禅经》讲记.md","ok",""
"43","佛家典籍解读","《信心铭》讲记","https://www.quanxue.cn/ct_nanhuaijin/xinxinmindex.html","8","043-《信心铭》讲记.md","ok",""
"44","佛家典籍解读","《大乘显识经》讲记","https://www.quanxue.cn/ct_nanhuaijin/xianshiindex.html","54","044-《大乘显识经》讲记.md","ok",""
"45","佛家典籍解读","唯识与中观(2006版)","https://www.quanxue.cn/ct_nanhuaijin/weishiindex.html","40","045-唯识与中观(2006版).md","ok",""
"46","佛家典籍解读","唯识与中观(2019版)","https://www.quanxue.cn/ct_nanhuaijin/zhongguanindex.html","462","046-唯识与中观(2019版).md","ok",""
"47","打坐禅定","学佛者的基本信念","https://www.quanxue.cn/ct_nanhuaijin/xuefoindex.html","54","047-学佛者的基本信念.md","ok",""
"48","打坐禅定","如何修证佛法","https://www.quanxue.cn/ct_nanhuaijin/fofaindex.html","29","048-如何修证佛法.md","ok",""
"49","打坐禅定","念佛如何得到一心不乱","https://www.quanxue.cn/ct_nanhuaijin/nianfoindex.html","11","049-念佛如何得到一心不乱.md","ok",""
"50","打坐禅定","禅观正脉研究(白骨观)","https://www.quanxue.cn/ct_nanhuaijin/baiguindex.html","29","050-禅观正脉研究(白骨观).md","ok",""
"51","打坐禅定","观想白骨与般若的关系","https://www.quanxue.cn/ct_nanhuaijin/nanhuaijin/nanhuaijin08.html","0","051-观想白骨与般若的关系.md","ok",""
"52","打坐禅定","参禅切忌从他觅","https://www.quanxue.cn/ct_nanhuaijin/nanhuaijin/nanhuaijin09.html","0","052-参禅切忌从他觅.md","ok",""
"53","打坐禅定","定慧初修","https://www.quanxue.cn/ct_nanhuaijin/dinghuiindex.html","65","053-定慧初修.md","ok",""
"54","打坐禅定","禅海蠡测","https://www.quanxue.cn/ct_nanhuaijin/chanhaiindex.html","72","054-禅海蠡测.md","ok",""
"55","打坐禅定","参禅日记","https://www.quanxue.cn/ct_nanhuaijin/canchanindex.html","17","055-参禅日记.md","ok",""
"56","打坐禅定","照明三昧","https://www.quanxue.cn/ct_nanhuaijin/zhaomingindex.html","6","056-照明三昧.md","ok",""
"57","打坐禅定","南禅七日","https://www.quanxue.cn/ct_nanhuaijin/nanchanindex.html","43","057-南禅七日.md","ok",""
"58","打坐禅定","习禅录影","https://www.quanxue.cn/ct_nanhuaijin/xichanlyindex.html","65","058-习禅录影.md","ok",""
"59","打坐禅定","修行初步","https://www.quanxue.cn/ct_nanhuaijin/nanhuaijin/nanhuaijin07.html","0","059-修行初步.md","ok",""
"60","打坐禅定","神通妙用","https://www.quanxue.cn/ct_nanhuaijin/shentongmyindex.html","8","060-神通妙用.md","ok",""
"61","打坐禅定","南师所讲呼吸法门精要","https://www.quanxue.cn/ct_nanhuaijin/huxiindex.html","32","061-南师所讲呼吸法门精要.md","ok",""
"62","打坐禅定","《禅秘要法》讲座","https://www.quanxue.cn/ct_nanhuaijin/chanmiyfindex.html","25","062-《禅秘要法》讲座.md","ok",""
"63","打坐禅定","实修《大安般守意经》","https://www.quanxue.cn/ct_nanhuaijin/nanhuaijin/nanhuaijin05.html","0","063-实修《大安般守意经》.md","ok",""
"64","打坐禅定","现代学佛者修证对话","https://www.quanxue.cn/ct_nanhuaijin/xiandaiindex.html","12","064-现代学佛者修证对话.md","ok",""
"65","打坐禅定","如何静坐问答录","https://www.quanxue.cn/ct_nanhuaijin/nanhuaijin/nanhuaijin01.html","0","065-如何静坐问答录.md","ok",""
"66","打坐禅定","观音法门（略讲）","https://www.quanxue.cn/ct_nanhuaijin/nanhuaijin/nanhuaijin06.html","0","066-观音法门（略讲）.md","ok",""
"67","打坐禅定","略释观音法门","https://www.quanxue.cn/ct_nanhuaijin/nanhuaijin/nanhuaijin12.html","0","067-略释观音法门.md","ok",""
"68","打坐禅定","观音菩萨与观音法门","https://www.quanxue.cn/ct_nanhuaijin/nanhuaijin/nanhuaijin11.html","0","068-观音菩萨与观音法门.md","ok",""
"69","打坐禅定","神通与特异功能","https://www.quanxue.cn/ct_nanhuaijin/teyiindex.html","4","069-神通与特异功能.md","ok",""
"70","打坐禅定","准提法修持要领","https://www.quanxue.cn/ct_nanhuaijin/nanhuaijin/nanhuaijin13.html","0","070-准提法修持要领.md","ok",""
"71","打坐禅定","准提菩萨圣诞开示","https://www.quanxue.cn/ct_nanhuaijin/nanhuaijin/nanhuaijin14.html","0","071-准提菩萨圣诞开示.md","ok",""
"72","打坐禅定","准提法修持仪轨简要","https://www.quanxue.cn/ct_nanhuaijin/nanhuaijin/nanhuaijin15.html","0","072-准提法修持仪轨简要.md","ok",""
"73","打坐禅定","禅宗的观心法门","https://www.quanxue.cn/ct_nanhuaijin/nanhuaijin/nanhuaijin16.html","0","073-禅宗的观心法门.md","ok",""
"74","打坐禅定","谈随息法与三际托空","https://www.quanxue.cn/ct_nanhuaijin/nanhuaijin/nanhuaijin17.html","0","074-谈随息法与三际托空.md","ok",""
"75","打坐禅定","1997夏之禅","https://www.quanxue.cn/ct_nanhuaijin/chanzhixindex.html","23","075-1997夏之禅.md","ok",""
"76","打坐禅定","传统身心性命修行的探讨","https://www.quanxue.cn/ct_nanhuaijin/tantaoindex.html","99","076-传统身心性命修行的探讨.md","ok",""
"77","打坐禅定","2009年太湖大学堂禅修实录","https://www.quanxue.cn/ct_nanhuaijin/chanxiuindex.html","40","077-2009年太湖大学堂禅修实录.md","ok",""
"78","打坐禅定","2007年新正禅七之开示","https://www.quanxue.cn/ct_nanhuaijin/xinzhengindex.html","12","078-2007年新正禅七之开示.md","ok",""
"79","打坐禅定","2004七都君庐珍贵开示","https://www.quanxue.cn/ct_nanhuaijin/qiduindex.html","11","079-2004七都君庐珍贵开示.md","ok",""
"80","南怀瑾杂文集","禅宗六祖与中国理学","https://www.quanxue.cn/ct_nanhuaijin/chanzonglzindex.html","13","080-禅宗六祖与中国理学.md","ok",""
"81","南怀瑾杂文集","道家密宗与东方神秘学","https://www.quanxue.cn/ct_nanhuaijin/daomiindex.html","28","081-道家密宗与东方神秘学.md","ok",""
"82","南怀瑾杂文集","大会计","https://www.quanxue.cn/ct_nanhuaijin/dakuaijiindex.html","11","082-大会计.md","ok",""
"83","南怀瑾杂文集","禅宗与道家","https://www.quanxue.cn/ct_nanhuaijin/chandaoindex.html","38","083-禅宗与道家.md","ok",""
"84","南怀瑾杂文集","禅话","https://www.quanxue.cn/ct_nanhuaijin/chanhuaindex.html","65","084-禅话.md","ok",""
"85","南怀瑾杂文集","中国式管理","https://www.quanxue.cn/ct_nanhuaijin/guanliindex.html","0","085-中国式管理.md","ok",""
"86","南怀瑾杂文集","中国佛教发展史略","https://www.quanxue.cn/ct_nanhuaijin/fojiaoindex.html","49","086-中国佛教发展史略.md","ok",""
"87","南怀瑾杂文集","中国道教发展史略","https://www.quanxue.cn/ct_nanhuaijin/daojiaoindex.html","27","087-中国道教发展史略.md","ok",""
"88","南怀瑾杂文集","国学与中国文化","https://www.quanxue.cn/ct_nanhuaijin/guoxueindex.html","21","088-国学与中国文化.md","ok",""
"89","南怀瑾杂文集","般若正观略讲","https://www.quanxue.cn/ct_nanhuaijin/nanhuaijin/nanhuaijin02.html","0","089-般若正观略讲.md","ok",""
"90","南怀瑾杂文集","二十一世纪初的前言后语","https://www.quanxue.cn/ct_nanhuaijin/qianyanindex.html","67","090-二十一世纪初的前言后语.md","ok",""
"91","南怀瑾杂文集","人性的真相","https://www.quanxue.cn/ct_nanhuaijin/nanhuaijin/nanhuaijin18.html","0","091-人性的真相.md","ok",""
"92","南怀瑾杂文集","中国传统文化与大众传播","https://www.quanxue.cn/ct_nanhuaijin/chuanboindex.html","9","092-中国传统文化与大众传播.md","ok",""
"93","南怀瑾杂文集","佛教的布施学","https://www.quanxue.cn/ct_nanhuaijin/nanhuaijin/nanhuaijin03.html","0","093-佛教的布施学.md","ok",""
"94","南怀瑾杂文集","致答日本朋友的一封公开信","https://www.quanxue.cn/ct_nanhuaijin/nanhuaijin/nanhuaijin19.html","0","094-致答日本朋友的一封公开信.md","ok",""
"95","南怀瑾杂文集","观音菩萨的慈悲与人类文化的关系","https://www.quanxue.cn/ct_nanhuaijin/nanhuaijin/nanhuaijin10.html","0","095-观音菩萨的慈悲与人类文化的关系.md","ok",""
