category,title,type,relative_url,url,source
"儒家典籍解读","论语别裁","work_or_article","lunyuindex.html","https://www.quanxue.cn/ct_nanhuaijin/lunyuindex.html","quanxue.cn"
"儒家典籍解读","话说中庸","work_or_article","zhongyongindex.html","https://www.quanxue.cn/ct_nanhuaijin/zhongyongindex.html","quanxue.cn"
"儒家典籍解读","原本大学微言","work_or_article","daxueindex.html","https://www.quanxue.cn/ct_nanhuaijin/daxueindex.html","quanxue.cn"
"儒家典籍解读","孟子与滕文公、告子","work_or_article","gaoziindex.html","https://www.quanxue.cn/ct_nanhuaijin/gaoziindex.html","quanxue.cn"
"儒家典籍解读","孟子与尽心篇","work_or_article","jinxinindex.html","https://www.quanxue.cn/ct_nanhuaijin/jinxinindex.html","quanxue.cn"
"儒家典籍解读","孟子与离娄","work_or_article","lilouindex.html","https://www.quanxue.cn/ct_nanhuaijin/lilouindex.html","quanxue.cn"
"儒家典籍解读","孟子旁通","work_or_article","mengziindex.html","https://www.quanxue.cn/ct_nanhuaijin/mengziindex.html","quanxue.cn"
"儒家典籍解读","孟子与公孙丑","work_or_article","gongsunindex.html","https://www.quanxue.cn/ct_nanhuaijin/gongsunindex.html","quanxue.cn"
"儒家典籍解读","孟子与万章","work_or_article","wanzhangindex.html","https://www.quanxue.cn/ct_nanhuaijin/wanzhangindex.html","quanxue.cn"
"儒家典籍解读","易经杂说","work_or_article","yijingindex.html","https://www.quanxue.cn/ct_nanhuaijin/yijingindex.html","quanxue.cn"
"儒家典籍解读","易经系传别讲","work_or_article","xichiindex.html","https://www.quanxue.cn/ct_nanhuaijin/xichiindex.html","quanxue.cn"
"儒家典籍解读","中国文化泛言","work_or_article","fanyanindex.html","https://www.quanxue.cn/ct_nanhuaijin/fanyanindex.html","quanxue.cn"
"儒家典籍解读","历史的经验","work_or_article","lishiindex.html","https://www.quanxue.cn/ct_nanhuaijin/lishiindex.html","quanxue.cn"
"儒家典籍解读","亦新亦旧的一代","work_or_article","xinjiuindex.html","https://www.quanxue.cn/ct_nanhuaijin/xinjiuindex.html","quanxue.cn"
"儒家典籍解读","孔子和他的弟子们","work_or_article","","","paid_only"
"道家典籍解读","老子他说(上下)","work_or_article","laoziindex.html","https://www.quanxue.cn/ct_nanhuaijin/laoziindex.html","quanxue.cn"
"道家典籍解读","庄子諵譁(2017年)","work_or_article","zhzinhindex.html","https://www.quanxue.cn/ct_nanhuaijin/zhzinhindex.html","quanxue.cn"
"道家典籍解读","庄子讲记(内第一篇)","work_or_article","zhuangziindex.html","https://www.quanxue.cn/ct_nanhuaijin/zhuangziindex.html","quanxue.cn"
"道家典籍解读","庄子讲记(全内七篇)","work_or_article","zhuangzinhindex.html","https://www.quanxue.cn/ct_nanhuaijin/zhuangzinhindex.html","quanxue.cn"
"道家典籍解读","列子臆说","work_or_article","lieziyiindex.html","https://www.quanxue.cn/ct_nanhuaijin/lieziyiindex.html","quanxue.cn"
"道家典籍解读","我说参同契","work_or_article","cantongindex.html","https://www.quanxue.cn/ct_nanhuaijin/cantongindex.html","quanxue.cn"
"道家典籍解读","太极拳与道功","work_or_article","taijiindex.html","https://www.quanxue.cn/ct_nanhuaijin/taijiindex.html","quanxue.cn"
"道家典籍解读","静坐修道与长生不老","work_or_article","jingzuoindex.html","https://www.quanxue.cn/ct_nanhuaijin/jingzuoindex.html","quanxue.cn"
"道家典籍解读","小言黄帝内经与生命科学","work_or_article","neijingindex.html","https://www.quanxue.cn/ct_nanhuaijin/neijingindex.html","quanxue.cn"
"道家典籍解读","庄子外篇","work_or_article","zhuangwaiindex.html","https://www.quanxue.cn/ct_nanhuaijin/zhuangwaiindex.html","quanxue.cn"
"道家典籍解读","中医医理与道家易经","work_or_article","","","paid_only"
"佛家典籍解读","《观无量寿经》大意","work_or_article","wuliangindex.html","https://www.quanxue.cn/ct_nanhuaijin/wuliangindex.html","quanxue.cn"
"佛家典籍解读","南师《心经》解读","work_or_article","xinjingindex.html","https://www.quanxue.cn/ct_nanhuaijin/xinjingindex.html","quanxue.cn"
"佛家典籍解读","《药师经》的济世观","work_or_article","yaoshiindex.html","https://www.quanxue.cn/ct_nanhuaijin/yaoshiindex.html","quanxue.cn"
"佛家典籍解读","《金刚经》说什么","work_or_article","jingangindex.html","https://www.quanxue.cn/ct_nanhuaijin/jingangindex.html","quanxue.cn"
"佛家典籍解读","《楞严》大义今释","work_or_article","lengyanindex.html","https://www.quanxue.cn/ct_nanhuaijin/lengyanindex.html","quanxue.cn"
"佛家典籍解读","《圆觉经》略说","work_or_article","yuanjueindex.html","https://www.quanxue.cn/ct_nanhuaijin/yuanjueindex.html","quanxue.cn"
"佛家典籍解读","《楞伽》大义今释","work_or_article","lengjiaindex.html","https://www.quanxue.cn/ct_nanhuaijin/lengjiaindex.html","quanxue.cn"
"佛家典籍解读","《维摩诘经》讲记","work_or_article","weimojiindex.html","https://www.quanxue.cn/ct_nanhuaijin/weimojiindex.html","quanxue.cn"
"佛家典籍解读","《维摩》精舍丛书","work_or_article","weimojsindex.html","https://www.quanxue.cn/ct_nanhuaijin/weimojsindex.html","quanxue.cn"
"佛家典籍解读","南《瑜伽师地论》","work_or_article","yujiasdindex.html","https://www.quanxue.cn/ct_nanhuaijin/yujiasdindex.html","quanxue.cn"
"佛家典籍解读","《宗镜录》略讲","work_or_article","zongjingindex.html","https://www.quanxue.cn/ct_nanhuaijin/zongjingindex.html","quanxue.cn"
"佛家典籍解读","《毗耶娑问经》讲记","work_or_article","piyesindex.html","https://www.quanxue.cn/ct_nanhuaijin/piyesindex.html","quanxue.cn"
"佛家典籍解读","《佛说入胎经》今释","work_or_article","rutaijindex.html","https://www.quanxue.cn/ct_nanhuaijin/rutaijindex.html","quanxue.cn"
"佛家典籍解读","《戒律学原理》摭言","work_or_article","nanhuaijin/nanhuaijin04.html","https://www.quanxue.cn/ct_nanhuaijin/nanhuaijin/nanhuaijin04.html","quanxue.cn"
"佛家典籍解读","《楞严经》讲习录","work_or_article","lengyan_taihuindex.html","https://www.quanxue.cn/ct_nanhuaijin/lengyan_taihuindex.html","quanxue.cn"
"佛家典籍解读","生命科学研究","work_or_article","shengmingindex.html","https://www.quanxue.cn/ct_nanhuaijin/shengmingindex.html","quanxue.cn"
"佛家典籍解读","南师讲《指月录》","work_or_article","zhiyueindex.html","https://www.quanxue.cn/ct_nanhuaijin/zhiyueindex.html","quanxue.cn"
"佛家典籍解读","《达摩多罗禅经》讲记","work_or_article","damoduoindex.html","https://www.quanxue.cn/ct_nanhuaijin/damoduoindex.html","quanxue.cn"
"佛家典籍解读","《信心铭》讲记","work_or_article","xinxinmindex.html","https://www.quanxue.cn/ct_nanhuaijin/xinxinmindex.html","quanxue.cn"
"佛家典籍解读","《大乘显识经》讲记","work_or_article","xianshiindex.html","https://www.quanxue.cn/ct_nanhuaijin/xianshiindex.html","quanxue.cn"
"佛家典籍解读","唯识与中观(2006版)","work_or_article","weishiindex.html","https://www.quanxue.cn/ct_nanhuaijin/weishiindex.html","quanxue.cn"
"佛家典籍解读","唯识与中观(2019版)","work_or_article","zhongguanindex.html","https://www.quanxue.cn/ct_nanhuaijin/zhongguanindex.html","quanxue.cn"
"佛家典籍解读","维摩诘的花雨满天","work_or_article","","","paid_only"
"佛家典籍解读","洞山指月","work_or_article","","","paid_only"
"佛家典籍解读","大圆满禅定休息简说","work_or_article","","","paid_only"
"打坐禅定","学佛者的基本信念","work_or_article","xuefoindex.html","https://www.quanxue.cn/ct_nanhuaijin/xuefoindex.html","quanxue.cn"
"打坐禅定","如何修证佛法","work_or_article","fofaindex.html","https://www.quanxue.cn/ct_nanhuaijin/fofaindex.html","quanxue.cn"
"打坐禅定","念佛如何得到一心不乱","work_or_article","nianfoindex.html","https://www.quanxue.cn/ct_nanhuaijin/nianfoindex.html","quanxue.cn"
"打坐禅定","禅观正脉研究(白骨观)","work_or_article","baiguindex.html","https://www.quanxue.cn/ct_nanhuaijin/baiguindex.html","quanxue.cn"
"打坐禅定","观想白骨与般若的关系","work_or_article","nanhuaijin/nanhuaijin08.html","https://www.quanxue.cn/ct_nanhuaijin/nanhuaijin/nanhuaijin08.html","quanxue.cn"
"打坐禅定","参禅切忌从他觅","work_or_article","nanhuaijin/nanhuaijin09.html","https://www.quanxue.cn/ct_nanhuaijin/nanhuaijin/nanhuaijin09.html","quanxue.cn"
"打坐禅定","定慧初修","work_or_article","dinghuiindex.html","https://www.quanxue.cn/ct_nanhuaijin/dinghuiindex.html","quanxue.cn"
"打坐禅定","禅海蠡测","work_or_article","chanhaiindex.html","https://www.quanxue.cn/ct_nanhuaijin/chanhaiindex.html","quanxue.cn"
"打坐禅定","参禅日记","work_or_article","canchanindex.html","https://www.quanxue.cn/ct_nanhuaijin/canchanindex.html","quanxue.cn"
"打坐禅定","照明三昧","work_or_article","zhaomingindex.html","https://www.quanxue.cn/ct_nanhuaijin/zhaomingindex.html","quanxue.cn"
"打坐禅定","南禅七日","work_or_article","nanchanindex.html","https://www.quanxue.cn/ct_nanhuaijin/nanchanindex.html","quanxue.cn"
"打坐禅定","习禅录影","work_or_article","xichanlyindex.html","https://www.quanxue.cn/ct_nanhuaijin/xichanlyindex.html","quanxue.cn"
"打坐禅定","修行初步","work_or_article","nanhuaijin/nanhuaijin07.html","https://www.quanxue.cn/ct_nanhuaijin/nanhuaijin/nanhuaijin07.html","quanxue.cn"
"打坐禅定","神通妙用","work_or_article","shentongmyindex.html","https://www.quanxue.cn/ct_nanhuaijin/shentongmyindex.html","quanxue.cn"
"打坐禅定","南师所讲呼吸法门精要","work_or_article","huxiindex.html","https://www.quanxue.cn/ct_nanhuaijin/huxiindex.html","quanxue.cn"
"打坐禅定","《禅秘要法》讲座","work_or_article","chanmiyfindex.html","https://www.quanxue.cn/ct_nanhuaijin/chanmiyfindex.html","quanxue.cn"
"打坐禅定","实修《大安般守意经》","work_or_article","nanhuaijin/nanhuaijin05.html","https://www.quanxue.cn/ct_nanhuaijin/nanhuaijin/nanhuaijin05.html","quanxue.cn"
"打坐禅定","现代学佛者修证对话","work_or_article","xiandaiindex.html","https://www.quanxue.cn/ct_nanhuaijin/xiandaiindex.html","quanxue.cn"
"打坐禅定","如何静坐问答录","work_or_article","nanhuaijin/nanhuaijin01.html","https://www.quanxue.cn/ct_nanhuaijin/nanhuaijin/nanhuaijin01.html","quanxue.cn"
"打坐禅定","观音法门（略讲）","work_or_article","nanhuaijin/nanhuaijin06.html","https://www.quanxue.cn/ct_nanhuaijin/nanhuaijin/nanhuaijin06.html","quanxue.cn"
"打坐禅定","略释观音法门","work_or_article","nanhuaijin/nanhuaijin12.html","https://www.quanxue.cn/ct_nanhuaijin/nanhuaijin/nanhuaijin12.html","quanxue.cn"
"打坐禅定","观音菩萨与观音法门","work_or_article","nanhuaijin/nanhuaijin11.html","https://www.quanxue.cn/ct_nanhuaijin/nanhuaijin/nanhuaijin11.html","quanxue.cn"
"打坐禅定","神通与特异功能","work_or_article","teyiindex.html","https://www.quanxue.cn/ct_nanhuaijin/teyiindex.html","quanxue.cn"
"打坐禅定","准提法修持要领","work_or_article","nanhuaijin/nanhuaijin13.html","https://www.quanxue.cn/ct_nanhuaijin/nanhuaijin/nanhuaijin13.html","quanxue.cn"
"打坐禅定","准提菩萨圣诞开示","work_or_article","nanhuaijin/nanhuaijin14.html","https://www.quanxue.cn/ct_nanhuaijin/nanhuaijin/nanhuaijin14.html","quanxue.cn"
"打坐禅定","准提法修持仪轨简要","work_or_article","nanhuaijin/nanhuaijin15.html","https://www.quanxue.cn/ct_nanhuaijin/nanhuaijin/nanhuaijin15.html","quanxue.cn"
"打坐禅定","禅宗的观心法门","work_or_article","nanhuaijin/nanhuaijin16.html","https://www.quanxue.cn/ct_nanhuaijin/nanhuaijin/nanhuaijin16.html","quanxue.cn"
"打坐禅定","谈随息法与三际托空","work_or_article","nanhuaijin/nanhuaijin17.html","https://www.quanxue.cn/ct_nanhuaijin/nanhuaijin/nanhuaijin17.html","quanxue.cn"
"打坐禅定","1997夏之禅","work_or_article","chanzhixindex.html","https://www.quanxue.cn/ct_nanhuaijin/chanzhixindex.html","quanxue.cn"
"打坐禅定","传统身心性命修行的探讨","work_or_article","tantaoindex.html","https://www.quanxue.cn/ct_nanhuaijin/tantaoindex.html","quanxue.cn"
"打坐禅定","2009年太湖大学堂禅修实录","work_or_article","chanxiuindex.html","https://www.quanxue.cn/ct_nanhuaijin/chanxiuindex.html","quanxue.cn"
"打坐禅定","2007年新正禅七之开示","work_or_article","xinzhengindex.html","https://www.quanxue.cn/ct_nanhuaijin/xinzhengindex.html","quanxue.cn"
"打坐禅定","2004七都君庐珍贵开示","work_or_article","qiduindex.html","https://www.quanxue.cn/ct_nanhuaijin/qiduindex.html","quanxue.cn"
"打坐禅定","禅与生命的认知初讲","work_or_article","","","paid_only"
"打坐禅定","答问青壮年参禅者","work_or_article","","","shixiu.net"
"南怀瑾杂文集","禅宗六祖与中国理学","work_or_article","chanzonglzindex.html","https://www.quanxue.cn/ct_nanhuaijin/chanzonglzindex.html","quanxue.cn"
"南怀瑾杂文集","道家密宗与东方神秘学","work_or_article","daomiindex.html","https://www.quanxue.cn/ct_nanhuaijin/daomiindex.html","quanxue.cn"
"南怀瑾杂文集","大会计","work_or_article","dakuaijiindex.html","https://www.quanxue.cn/ct_nanhuaijin/dakuaijiindex.html","quanxue.cn"
"南怀瑾杂文集","禅宗与道家","work_or_article","chandaoindex.html","https://www.quanxue.cn/ct_nanhuaijin/chandaoindex.html","quanxue.cn"
"南怀瑾杂文集","禅话","work_or_article","chanhuaindex.html","https://www.quanxue.cn/ct_nanhuaijin/chanhuaindex.html","quanxue.cn"
"南怀瑾杂文集","中国式管理","work_or_article","guanliindex.html","https://www.quanxue.cn/ct_nanhuaijin/guanliindex.html","quanxue.cn"
"南怀瑾杂文集","中国佛教发展史略","work_or_article","fojiaoindex.html","https://www.quanxue.cn/ct_nanhuaijin/fojiaoindex.html","quanxue.cn"
"南怀瑾杂文集","中国道教发展史略","work_or_article","daojiaoindex.html","https://www.quanxue.cn/ct_nanhuaijin/daojiaoindex.html","quanxue.cn"
"南怀瑾杂文集","国学与中国文化","work_or_article","guoxueindex.html","https://www.quanxue.cn/ct_nanhuaijin/guoxueindex.html","quanxue.cn"
"南怀瑾杂文集","般若正观略讲","work_or_article","nanhuaijin/nanhuaijin02.html","https://www.quanxue.cn/ct_nanhuaijin/nanhuaijin/nanhuaijin02.html","quanxue.cn"
"南怀瑾杂文集","二十一世纪初的前言后语","work_or_article","qianyanindex.html","https://www.quanxue.cn/ct_nanhuaijin/qianyanindex.html","quanxue.cn"
"南怀瑾杂文集","人性的真相","work_or_article","nanhuaijin/nanhuaijin18.html","https://www.quanxue.cn/ct_nanhuaijin/nanhuaijin/nanhuaijin18.html","quanxue.cn"
"南怀瑾杂文集","中国传统文化与大众传播","work_or_article","chuanboindex.html","https://www.quanxue.cn/ct_nanhuaijin/chuanboindex.html","quanxue.cn"
"南怀瑾杂文集","佛教的布施学","work_or_article","nanhuaijin/nanhuaijin03.html","https://www.quanxue.cn/ct_nanhuaijin/nanhuaijin/nanhuaijin03.html","quanxue.cn"
"南怀瑾杂文集","致答日本朋友的一封公开信","work_or_article","nanhuaijin/nanhuaijin19.html","https://www.quanxue.cn/ct_nanhuaijin/nanhuaijin/nanhuaijin19.html","quanxue.cn"
"南怀瑾杂文集","观音菩萨的慈悲与人类文化的关系","work_or_article","nanhuaijin/nanhuaijin10.html","https://www.quanxue.cn/ct_nanhuaijin/nanhuaijin/nanhuaijin10.html","quanxue.cn"
"南怀瑾杂文集","漫谈中国文化——金融·企业·国学","work_or_article","","","shixiu.net"
"南怀瑾杂文集","南怀瑾讲演录2004-2006","work_or_article","","","paid_only"
"南怀瑾杂文集","南怀瑾与彼得·圣吉","work_or_article","","","paid_only"
"南怀瑾杂文集","人生的起点和终站","work_or_article","","","paid_only"
"南怀瑾杂文集","金粟轩纪年诗初集","work_or_article","","","paid_only"
"南怀瑾杂文集","我的故事我的诗","work_or_article","","","paid_only"
"南怀瑾杂文集","怀师的四十三封信","work_or_article","","","paid_only"
"南怀瑾杂文集","对日抗战的点点滴滴","work_or_article","","","paid_only"
"南怀瑾杂文集","与国际跨领域领导人谈话","work_or_article","","","paid_only"
"录音整理讲记","中庸讲记（录音整理）","work_or_article","","http://www.shixiu.net/nanshi/zhuzuo/zhongyongjiangji/","shixiu.net"
"录音整理讲记","楞严经讲座（录音整理）","work_or_article","","http://www.shixiu.net/nanshi/zhuzuo/lyjjz/","shixiu.net"
"录音整理讲记","南怀瑾老师诗词选辑","work_or_article","","http://www.shixiu.net/nanshi/zhuzuo/scxj/","shixiu.net"
"怀念南师","南怀瑾先生的光辉形象","related","other/other01.html","https://www.quanxue.cn/ct_nanhuaijin/other/other01.html","quanxue.cn"
"怀念南师","南怀瑾先生的手迹","related","other/other02.html","https://www.quanxue.cn/ct_nanhuaijin/other/other02.html","quanxue.cn"
"怀念南师","南怀瑾先生的简介","related","other/other03.html","https://www.quanxue.cn/ct_nanhuaijin/other/other03.html","quanxue.cn"
"怀念南师","南怀瑾先生永垂不朽","related","other/other04.html","https://www.quanxue.cn/ct_nanhuaijin/other/other04.html","quanxue.cn"
"怀念南师","宗性法师悼南怀瑾先生","related","other/other11.html","https://www.quanxue.cn/ct_nanhuaijin/other/other11.html","quanxue.cn"
"怀念南师","南怀瑾先生的诗词选","related","other/other06.html","https://www.quanxue.cn/ct_nanhuaijin/other/other06.html","quanxue.cn"
"怀念南师","挽南怀瑾先生诗词对联","related","other/other07.html","https://www.quanxue.cn/ct_nanhuaijin/other/other07.html","quanxue.cn"
"怀念南师","南怀瑾先生辞世的伤痛","related","other/other10.html","https://www.quanxue.cn/ct_nanhuaijin/other/other10.html","quanxue.cn"
"怀念南师","南怀瑾先生著作出版顺序","related","other/other05.html","https://www.quanxue.cn/ct_nanhuaijin/other/other05.html","quanxue.cn"
"怀念南师","南怀瑾辞世经过及舍利子","related","other/other09.html","https://www.quanxue.cn/ct_nanhuaijin/other/other09.html","quanxue.cn"
"怀念南师","南怀瑾先生仍未去世的疑点","related","other/other08.html","https://www.quanxue.cn/ct_nanhuaijin/other/other08.html","quanxue.cn"
